NC40.mid,0,0.11246212433581099
NC40.mid,1,0.0006096711271010973
NC40.mid,2,0.20933446720987886
NC40.mid,3,0.002126361162658476
NC40.mid,4,0.18344397706840482
NC40.mid,5,0.04860178966401029
NC40.mid,6,0.00323141158750108
NC40.mid,7,0.24343131908213847
NC40.mid,8,0.0008675877460194914
NC40.mid,9,0.12168486072490439
NC40.mid,10,0.004262878548522787
NC40.mid,11,0.06994355174304913
AC39.mid,0,0.2271342334418949
AC39.mid,1,0.00113418862806299
AC39.mid,2,0.1216653481963106
AC39.mid,3,0.002269541007812791
AC39.mid,4,0.1990553503860276
AC39.mid,5,0.06472350290211805
AC39.mid,6,0.003579608233312016
AC39.mid,7,0.20040311466637928
AC39.mid,8,0.0007431182222524575
AC39.mid,9,0.15734602135599385
AC39.mid,10,0.002324150504380854
AC39.mid,11,0.01962182245545462
AC11.mid,0,0.26585627408037016
AC11.mid,1,0.0010223596920807087
AC11.mid,2,0.11456845901378844
AC11.mid,3,0.002172894375032625
AC11.mid,4,0.16684858200001834
AC11.mid,5,0.07347692411067903
AC11.mid,6,0.0042173729355478385
AC11.mid,7,0.20900526828865926
AC11.mid,8,0.0007261161619378938
AC11.mid,9,0.1417936261477099
AC11.mid,10,0.0018348657409172984
AC11.mid,11,0.01847725745325863
AC05.mid,0,0.19033835387566578
AC05.mid,1,0.0006192745683323437
AC05.mid,2,0.2150059253612016
AC05.mid,3,0.0015804465391011636
AC05.mid,4,0.15433691943885997
AC05.mid,5,0.10748147976117946
AC05.mid,6,0.00522051195906133
AC05.mid,7,0.14010973203842503
AC05.mid,8,0.0008918163080268205
AC05.mid,9,0.16612203817505006
AC05.mid,10,0.002514246645823564
AC05.mid,11,0.015779255329272972
AC04.mid,0,0.1997067233163836
AC04.mid,1,0.00048575258041487154
AC04.mid,2,0.16185933089838778
AC04.mid,3,0.002240429020905799
AC04.mid,4,0.204138635527878
AC04.mid,5,0.09183170664005876
AC04.mid,6,0.005473148944791992
AC04.mid,7,0.16231738763543643
AC04.mid,8,0.0009226083889637016
AC04.mid,9,0.136531619939471
AC04.mid,10,0.002921850009174718
AC04.mid,11,0.03157080709813333
AC10.mid,0,0.19888653142511148
AC10.mid,1,0.0004634664256689193
AC10.mid,2,0.1369354944785154
AC10.mid,3,0.0022649593157842303
AC10.mid,4,0.22681694737232183
AC10.mid,5,0.11000409374073344
AC10.mid,6,0.005808319775606773
AC10.mid,7,0.13223625047148552
AC10.mid,8,0.0008176105481099036
AC10.mid,9,0.14841709727975114
AC10.mid,10,0.003124207057251905
AC10.mid,11,0.03422502210965949
AC38.mid,0,0.22776812186697198
AC38.mid,1,0.0008576740843459513
AC38.mid,2,0.10048656797152944
AC38.mid,3,0.0024739314979416683
AC38.mid,4,0.22805164282047694
AC38.mid,5,0.08627632944777558
AC38.mid,6,0.004467160857270767
AC38.mid,7,0.16661641881421754
AC38.mid,8,0.0006535797657309731
AC38.mid,9,0.1371119033875014
AC38.mid,10,0.003021330379840531
AC38.mid,11,0.042215339106397194
NC41.mid,0,0.17444035767272348
NC41.mid,1,0.0006478823712379965
NC41.mid,2,0.23316441186852382
NC41.mid,3,0.0011807184080734321
NC41.mid,4,0.1087529923316287
NC41.mid,5,0.08048529729967657
NC41.mid,6,0.003940666180296488
NC41.mid,7,0.26436001183598967
NC41.mid,8,0.0008064012981419209
NC41.mid,9,0.08181363566685701
NC41.mid,10,0.0024579135151953733
NC41.mid,11,0.04794971155165559
NC43.mid,0,0.17240379242905096
NC43.mid,1,0.0005525777080766482
NC43.mid,2,0.18149840836666994
NC43.mid,3,0.002914675156346601
NC43.mid,4,0.2342518402713462
NC43.mid,5,0.046026365261207014
NC43.mid,6,0.004326260318748965
NC43.mid,7,0.23959674021921004
NC43.mid,8,0.0010807864433915175
NC43.mid,9,0.07400599753052524
NC43.mid,10,0.003478125190788516
NC43.mid,11,0.03986443110463818
AC06.mid,0,0.17976714358698848
AC06.mid,1,0.00045154851949362864
AC06.mid,2,0.1489297573223352
AC06.mid,3,0.002197471407120197
AC06.mid,4,0.22227345358129655
AC06.mid,5,0.11203800696231583
AC06.mid,6,0.005760878127628328
AC06.mid,7,0.13076096433985443
AC06.mid,8,0.0008134049300318996
AC06.mid,9,0.15989669719161975
AC06.mid,10,0.003267481414651539
AC06.mid,11,0.03384319261666403
AC12.mid,0,0.22277312417619238
AC12.mid,1,0.0006502379088839143
AC12.mid,2,0.12975743252279792
AC12.mid,3,0.002166956698544208
AC12.mid,4,0.20372071083858176
AC12.mid,5,0.1025305565275306
AC12.mid,6,0.00529614295356306
AC12.mid,7,0.151908989723174
AC12.mid,8,0.0007590189144327834
AC12.mid,9,0.14828425365585318
AC12.mid,10,0.0026062071985480627
AC12.mid,11,0.029546368881898058
AC13.mid,0,0.24883700387097368
AC13.mid,1,0.0010189217143622593
AC13.mid,2,0.11720311994803179
AC13.mid,3,0.0021129891467611774
AC13.mid,4,0.17068549701758387
AC13.mid,5,0.07516662809368774
AC13.mid,6,0.003996522467133305
AC13.mid,7,0.23199543136522308
AC13.mid,8,0.0007877858776857963
AC13.mid,9,0.12720492724983148
AC13.mid,10,0.0020890055819311206
AC13.mid,11,0.018902167666794784
AC07.mid,0,0.2457394771157447
AC07.mid,1,0.0008562359435653989
AC07.mid,2,0.09128503369773636
AC07.mid,3,0.0022026769481914106
AC07.mid,4,0.2046035818249585
AC07.mid,5,0.11054058951741436
AC07.mid,6,0.004967831279385089
AC07.mid,7,0.15135938775778757
AC07.mid,8,0.0005813691890634199
AC07.mid,9,0.1361982178149005
AC07.mid,10,0.0025653003130932284
AC07.mid,11,0.04910029859815944
NC42.mid,0,0.15259946990277737
NC42.mid,1,0.0007539763030962783
NC42.mid,2,0.1667760041139875
NC42.mid,3,0.0021308630897358145
NC42.mid,4,0.19424314851279081
NC42.mid,5,0.05578977368418163
NC42.mid,6,0.003607949211850361
NC42.mid,7,0.28198042595874706
NC42.mid,8,0.0009499885554722452
NC42.mid,9,0.07244634093966265
NC42.mid,10,0.003792501767232533
NC42.mid,11,0.06492955796046573
AC03.mid,0,0.21515207831058833
AC03.mid,1,0.0005936472884129571
AC03.mid,2,0.13160880018893253
AC03.mid,3,0.0023264180310215653
AC03.mid,4,0.21412517801546868
AC03.mid,5,0.09453130541054362
AC03.mid,6,0.005254295137494911
AC03.mid,7,0.15407641386451745
AC03.mid,8,0.0007765568758587521
AC03.mid,9,0.1488135808175639
AC03.mid,10,0.002773792178021715
AC03.mid,11,0.029967933881575603
AC17.mid,0,0.21448592144543369
AC17.mid,1,0.0006019704807730424
AC17.mid,2,0.1312013111865067
AC17.mid,3,0.002355152139510173
AC17.mid,4,0.2134622006533279
AC17.mid,5,0.09423861626449523
AC17.mid,6,0.005274022463901843
AC17.mid,7,0.15359936032331908
AC17.mid,8,0.0007853918509604692
AC17.mid,9,0.15127257599020286
AC17.mid,10,0.002848330454779432
AC17.mid,11,0.029875146746789514
AC16.mid,0,0.22680380128750166
AC16.mid,1,0.0006620176095886479
AC16.mid,2,0.12611861700373478
AC16.mid,3,0.002362977541998437
AC16.mid,4,0.2132121144950146
AC16.mid,5,0.10488473559051814
AC16.mid,6,0.005319784478943874
AC16.mid,7,0.13572744915756166
AC16.mid,8,0.000696481417621497
AC16.mid,9,0.1374681587798829
AC16.mid,10,0.0028189598897229514
AC16.mid,11,0.04392490274791071
AC02.mid,0,0.23937480603246136
AC02.mid,1,0.0007230015173362166
AC02.mid,2,0.13013886612400344
AC02.mid,3,0.001992065400646003
AC02.mid,4,0.19207270449898442
AC02.mid,5,0.10255242158431242
AC02.mid,6,0.005248281720176572
AC02.mid,7,0.1464752542093627
AC02.mid,8,0.0008354320542532974
AC02.mid,9,0.1615300351564483
AC02.mid,10,0.0025609868449554254
AC02.mid,11,0.016496144857059854
NC45.mid,0,0.15864375294683344
NC45.mid,1,0.0006135932210349984
NC45.mid,2,0.18826092790774313
NC45.mid,3,0.002343603622612462
NC45.mid,4,0.17897687429045359
NC45.mid,5,0.05429744779863573
NC45.mid,6,0.00360312485179755
NC45.mid,7,0.28280078380967716
NC45.mid,8,0.0009917935573532557
NC45.mid,9,0.07843055914454146
NC45.mid,10,0.002973877781983052
NC45.mid,11,0.048063661067334375
AC14.mid,0,0.24529459401577222
AC14.mid,1,0.0009109641973904793
AC14.mid,2,0.1102299490918936
AC14.mid,3,0.002281862518984698
AC14.mid,4,0.21581952075598146
AC14.mid,5,0.08308152819736775
AC14.mid,6,0.004743319582386696
AC14.mid,7,0.17377364544119425
AC14.mid,8,0.0008845527790602425
AC14.mid,9,0.14231028672919804
AC14.mid,10,0.0028922211055515843
AC14.mid,11,0.017777555585219013
AC28.mid,0,0.260217451294484
AC28.mid,1,0.000982611168749354
AC28.mid,2,0.11628593100152487
AC28.mid,3,0.002229141897231611
AC28.mid,4,0.16934977445949
AC28.mid,5,0.07457840142818348
AC28.mid,6,0.004368170874805774
AC28.mid,7,0.21213842288168652
AC28.mid,8,0.0007887627469806432
AC28.mid,9,0.1383071701253271
AC28.mid,10,0.0019999159371793434
AC28.mid,11,0.018754246184357358
AC29.mid,0,0.26108213859211893
AC29.mid,1,0.0011003619680001419
AC29.mid,2,0.11359547858322103
AC29.mid,3,0.0026287558006128147
AC29.mid,4,0.21313154202723603
AC29.mid,5,0.062375511926325004
AC29.mid,6,0.0034526552924382847
AC29.mid,7,0.18384841223394421
AC29.mid,8,0.0004874796163090748
AC29.mid,9,0.11914404694274425
AC29.mid,10,0.00214180660259986
AC29.mid,11,0.03701181041445029
AC01.mid,0,0.18865496726087963
AC01.mid,1,0.00045019637528975054
AC01.mid,2,0.15889661138810013
AC01.mid,3,0.0023071459903182038
AC01.mid,4,0.22041437279769452
AC01.mid,5,0.09125929814252977
AC01.mid,6,0.005574400026666234
AC01.mid,7,0.1613056254088734
AC01.mid,8,0.0009495972179708308
AC01.mid,9,0.13568058643161
AC01.mid,10,0.0031331800837587796
AC01.mid,11,0.03137401887630868
AC15.mid,0,0.23010310475772636
AC15.mid,1,0.0007745471929208302
AC15.mid,2,0.0964561310945041
AC15.mid,3,0.002795831595222851
AC15.mid,4,0.2465872349428474
AC15.mid,5,0.08231317631346022
AC15.mid,6,0.004743083063687955
AC15.mid,7,0.15993356584926222
AC15.mid,8,0.000642942013341228
AC15.mid,9,0.1260485880411041
AC15.mid,10,0.002977159103713916
AC15.mid,11,0.04662463603220882
NC44.mid,0,0.2258115509052923
NC44.mid,1,0.0009575823434643861
NC44.mid,2,0.11276119736750789
NC44.mid,3,0.0032162943643749948
NC44.mid,4,0.24095132764052415
NC44.mid,5,0.059032176047248384
NC44.mid,6,0.003093883252166146
NC44.mid,7,0.21269164717752548
NC44.mid,8,0.000570785082797847
NC44.mid,9,0.0886985923204378
NC44.mid,10,0.002551761556742046
NC44.mid,11,0.04966320194191835
NC37.mid,0,0.10938867421708058
NC37.mid,1,0.0006194994930159751
NC37.mid,2,0.20642134489171726
NC37.mid,3,0.0019170690320045283
NC37.mid,4,0.1807341856298228
NC37.mid,5,0.05026368797263216
NC37.mid,6,0.002987244946548222
NC37.mid,7,0.25148278767065624
NC37.mid,8,0.0008588121559675133
NC37.mid,9,0.11835936468033464
NC37.mid,10,0.00435004061177989
NC37.mid,11,0.07261728869844011
NC23.mid,0,0.11306002908191796
NC23.mid,1,0.0008328457031828644
NC23.mid,2,0.1676488278276876
NC23.mid,3,0.002400051425038293
NC23.mid,4,0.19982884561315192
NC23.mid,5,0.069256569181729
NC23.mid,6,0.0033455308957960673
NC23.mid,7,0.22295591673262546
NC23.mid,8,0.0006253731531875865
NC23.mid,9,0.14978607627148233
NC23.mid,10,0.0035895667685769436
NC23.mid,11,0.06667036734562388
NC22.mid,0,0.14833638310805966
NC22.mid,1,0.000831958990594198
NC22.mid,2,0.1586479498819635
NC22.mid,3,0.0019448320154006884
NC22.mid,4,0.18645537596950684
NC22.mid,5,0.0721330667272911
NC22.mid,6,0.0041940032807053365
NC22.mid,7,0.28399133186887976
NC22.mid,8,0.0009482544817859608
NC22.mid,9,0.07042244767461882
NC22.mid,10,0.00388831178147185
NC22.mid,11,0.06820608421972223
NC36.mid,0,0.1396157738398007
NC36.mid,1,0.0005673893158741974
NC36.mid,2,0.18697484698237377
NC36.mid,3,0.0030039278776162366
NC36.mid,4,0.2193941450770323
NC36.mid,5,0.044441152859205
NC36.mid,6,0.0031620594455710983
NC36.mid,7,0.27216134548182536
NC36.mid,8,0.0010171808984350994
NC36.mid,9,0.07145712745481675
NC36.mid,10,0.003626502026590357
NC36.mid,11,0.05457854874085914
NC08.mid,0,0.11152844541287263
NC08.mid,1,0.0008526771908688892
NC08.mid,2,0.16537774927834956
NC08.mid,3,0.002444345381343302
NC08.mid,4,0.19712183590308424
NC08.mid,5,0.06831837527541053
NC08.mid,6,0.0032105581421981375
NC08.mid,7,0.22574660829517018
NC08.mid,8,0.0006086222979349202
NC08.mid,9,0.15172964076330897
NC08.mid,10,0.003685481643805376
NC08.mid,11,0.06937566041565318
NC20.mid,0,0.1480805780156508
NC20.mid,1,0.000620819715347594
NC20.mid,2,0.1794038484054874
NC20.mid,3,0.0016218742862599198
NC20.mid,4,0.1813469411934616
NC20.mid,5,0.05822369217059038
NC20.mid,6,0.004226942397200881
NC20.mid,7,0.2858776285453351
NC20.mid,8,0.0011156435719023702
NC20.mid,9,0.07030100463847615
NC20.mid,10,0.00411594149077611
NC20.mid,11,0.06506508556951181
NC34.mid,0,0.10651018568234244
NC34.mid,1,0.0006438441070113832
NC34.mid,2,0.22474129858920677
NC34.mid,3,0.001622570189775013
NC34.mid,4,0.15214381949774403
NC34.mid,5,0.07506199893538541
NC34.mid,6,0.003632716457464575
NC34.mid,7,0.24695118786547732
NC34.mid,8,0.0008425522193419118
NC34.mid,9,0.11524481852965064
NC34.mid,10,0.003982378137486457
NC34.mid,11,0.068622629789114
NC35.mid,0,0.2008088550256617
NC35.mid,1,0.0007876369997057446
NC35.mid,2,0.13200408114316547
NC35.mid,3,0.0023494606286986906
NC35.mid,4,0.19315469314314232
NC35.mid,5,0.05368615884663638
NC35.mid,6,0.003767177605770179
NC35.mid,7,0.2805362061483766
NC35.mid,8,0.0009165662788408935
NC35.mid,9,0.07754757594278966
NC35.mid,10,0.0029230261877910397
NC35.mid,11,0.05151856204942156
NC21.mid,0,0.11493813158806694
NC21.mid,1,0.0005455081960561326
NC21.mid,2,0.19014577490830586
NC21.mid,3,0.0031400848065271363
NC21.mid,4,0.22750925779197104
NC21.mid,5,0.04189090768252103
NC21.mid,6,0.002918093172204831
NC21.mid,7,0.24571416705555013
NC21.mid,8,0.0009274706880566216
NC21.mid,9,0.1106352907680267
NC21.mid,10,0.0038405181807207923
NC21.mid,11,0.05779479516199268
NC09.mid,0,0.20597140963655997
NC09.mid,1,0.000853898891671549
NC09.mid,2,0.13502256354059258
NC09.mid,3,0.0032259941991796227
NC09.mid,4,0.22633886989337726
NC09.mid,5,0.04247574817095461
NC09.mid,6,0.0036849135526796444
NC09.mid,7,0.24184570975183706
NC09.mid,8,0.0007497241724891384
NC09.mid,9,0.08435651920965442
NC09.mid,10,0.002933607549140526
NC09.mid,11,0.0525410414318634
NC25.mid,0,0.16505696100463252
NC25.mid,1,0.0006230544999396484
NC25.mid,2,0.15433327298823174
NC25.mid,3,0.0017188922156336085
NC25.mid,4,0.17224953450515557
NC25.mid,5,0.05314182942795192
NC25.mid,6,0.004014832260255181
NC25.mid,7,0.3129709122697206
NC25.mid,8,0.0011721600107558623
NC25.mid,9,0.07676131319201414
NC25.mid,10,0.003478218153220933
NC25.mid,11,0.054479019472488406
NC31.mid,0,0.11511608697828128
NC31.mid,1,0.0005489961319188067
NC31.mid,2,0.20615058738769476
NC31.mid,3,0.0032992611483305067
NC31.mid,4,0.22374850544473995
NC31.mid,5,0.04195576616525497
NC31.mid,6,0.002607170558962599
NC31.mid,7,0.2367742720959893
NC31.mid,8,0.0008361546760511923
NC31.mid,9,0.11080658419404707
NC31.mid,10,0.0035271786914204536
NC31.mid,11,0.05462943652730906
NC19.mid,0,0.14890643868225428
NC19.mid,1,0.0007037551626132117
NC19.mid,2,0.16093880279982659
NC19.mid,3,0.0023676936904428536
NC19.mid,4,0.21593549220956265
NC19.mid,5,0.05326504691427093
NC19.mid,6,0.003946496321518278
NC19.mid,7,0.27366900986537196
NC19.mid,8,0.0010305439190289336
NC19.mid,9,0.0769392960759284
NC19.mid,10,0.003807609903178332
NC19.mid,11,0.058489814456003576
NC18.mid,0,0.16529551877829113
NC18.mid,1,0.000620503196800217
NC18.mid,2,0.1587959543028715
NC18.mid,3,0.0037726627217338172
NC18.mid,4,0.24757651147196677
NC18.mid,5,0.04798199550598675
NC18.mid,6,0.0027841671535591933
NC18.mid,7,0.24711814926002992
NC18.mid,8,0.0008931702348368151
NC18.mid,9,0.07715046410407353
NC18.mid,10,0.0030167917319971803
NC18.mid,11,0.04499411153785338
NC30.mid,0,0.1839424809375806
NC30.mid,1,0.000574328638848253
NC30.mid,2,0.15453202868354488
NC30.mid,3,0.002048043002167186
NC30.mid,4,0.19199338539579677
NC30.mid,5,0.05327201310274572
NC30.mid,6,0.004342000896805202
NC30.mid,7,0.2790956227654983
NC30.mid,8,0.0011295161310214239
NC30.mid,9,0.07694935846521805
NC30.mid,10,0.003293983626714407
NC30.mid,11,0.04882723835405925
NC24.mid,0,0.1547248103329609
NC24.mid,1,0.000804187550499991
NC24.mid,2,0.225272729073865
NC24.mid,3,0.001633280806191623
NC24.mid,4,0.10450695624044064
NC24.mid,5,0.0887457369565816
NC24.mid,6,0.003673581664489417
NC24.mid,7,0.23797387779594392
NC24.mid,8,0.0005681262891267897
NC24.mid,9,0.1283770240066417
NC24.mid,10,0.002295283197352742
NC24.mid,11,0.051424406085905636
NC32.mid,0,0.14948398086897083
NC32.mid,1,0.0006395621647594989
NC32.mid,2,0.25855275725849214
NC32.mid,3,0.0013224330593609782
NC32.mid,4,0.10096710290807469
NC32.mid,5,0.08441244513409993
NC32.mid,6,0.003545313332063019
NC32.mid,7,0.23032198670507464
NC32.mid,8,0.0006124441522203876
NC32.mid,9,0.12126268644451763
NC32.mid,10,0.0022084396466073267
NC32.mid,11,0.046670848325758886
NC26.mid,0,0.1524979638314233
NC26.mid,1,0.0007066888636865561
NC26.mid,2,0.2370601459932603
NC26.mid,3,0.0013678410611978494
NC26.mid,4,0.10300286035956954
NC26.mid,5,0.08013569770101515
NC26.mid,6,0.003469612777281032
NC26.mid,7,0.25218730927495225
NC26.mid,8,0.0006830263674516886
NC26.mid,9,0.11051766170951485
NC26.mid,10,0.0027696205096977627
NC26.mid,11,0.05560157155094958
NC27.mid,0,0.192462625110295
NC27.mid,1,0.0007285521491944506
NC27.mid,2,0.17215239544057218
NC27.mid,3,0.002012500732569372
NC27.mid,4,0.15792591330162076
NC27.mid,5,0.052095802786041596
NC27.mid,6,0.0038270705614284572
NC27.mid,7,0.28720088094165586
NC27.mid,8,0.0009531927431661853
NC27.mid,9,0.07525036824466848
NC27.mid,10,0.003071477593399466
NC27.mid,11,0.05231922039538813
NC33.mid,0,0.2128683434194765
NC33.mid,1,0.0008845287673992778
NC33.mid,2,0.11837449298616558
NC33.mid,3,0.001667460036065149
NC33.mid,4,0.18698357910037122
NC33.mid,5,0.06557573004196088
NC33.mid,6,0.003894214001218646
NC33.mid,7,0.2722439723610781
NC33.mid,8,0.0009563998194301387
NC33.mid,9,0.07295668765744423
NC33.mid,10,0.003514742620272346
NC33.mid,11,0.06007984918911782
NC16.mid,0,0.11303513454222018
NC16.mid,1,0.0005752386096468609
NC16.mid,2,0.2315476188533235
NC16.mid,3,0.0031693343737886136
NC16.mid,4,0.2039201182824927
NC16.mid,5,0.041197332169623506
NC16.mid,6,0.0029538158672366
NC16.mid,7,0.2215997546698111
NC16.mid,8,0.0007645800527164875
NC16.mid,9,0.125800152397683
NC16.mid,10,0.0032790729439819764
NC16.mid,11,0.05215784723747545
NC02.mid,0,0.11346493407658084
NC02.mid,1,0.0007677256150937251
NC02.mid,2,0.16962495105523323
NC02.mid,3,0.0019246470431925912
NC02.mid,4,0.18737643774575427
NC02.mid,5,0.07220403834743414
NC02.mid,6,0.0036183577314853692
NC02.mid,7,0.25227459901716376
NC02.mid,8,0.0008051724665677683
NC02.mid,9,0.12276990837414481
NC02.mid,10,0.004045856444163717
NC02.mid,11,0.07112337208318584
NC03.mid,0,0.14993074405690515
NC03.mid,1,0.0007875577669642409
NC03.mid,2,0.16035314243557955
NC03.mid,3,0.0020024384988990194
NC03.mid,4,0.1965233074184115
NC03.mid,5,0.06273186410696463
NC03.mid,6,0.003911347669080566
NC03.mid,7,0.28021276942658935
NC03.mid,8,0.0009429394004734945
NC03.mid,9,0.07117936784579984
NC03.mid,10,0.00392540358091153
NC03.mid,11,0.06749911779342116
NC17.mid,0,0.13889266508624498
NC17.mid,1,0.000574773288051327
NC17.mid,2,0.20396984399501203
NC17.mid,3,0.003132528542518313
NC17.mid,4,0.2170623192014921
NC17.mid,5,0.044210979822399916
NC17.mid,6,0.0031994229628775545
NC17.mid,7,0.2582926520399795
NC17.mid,8,0.000953285413877465
NC17.mid,9,0.0710870312046193
NC17.mid,10,0.0035991818158471827
NC17.mid,11,0.05502531662708029
NC29.mid,0,0.11011559481625383
NC29.mid,1,0.0006188137028804911
NC29.mid,2,0.2089958671902386
NC29.mid,3,0.0019827771996254323
NC29.mid,4,0.18193521858364026
NC29.mid,5,0.05059770527779863
NC29.mid,6,0.0030718661378467526
NC29.mid,7,0.24531664697282127
NC29.mid,8,0.0008538809303911938
NC29.mid,9,0.11914589821232033
NC29.mid,10,0.004370329195850791
NC29.mid,11,0.07299540178033252
NC01.mid,0,0.14938956796875288
NC01.mid,1,0.0006439826863321737
NC01.mid,2,0.1709818667609511
NC01.mid,3,0.0016512770955388568
NC01.mid,4,0.19340757007269024
NC01.mid,5,0.07910108681411336
NC01.mid,6,0.004597046120733634
NC01.mid,7,0.26356349877869323
NC01.mid,8,0.001104555567092594
NC01.mid,9,0.07092244541077664
NC01.mid,10,0.0041186925106639315
NC01.mid,11,0.06051841021366106
NC15.mid,0,0.20113070523256285
NC15.mid,1,0.0006380993514687658
NC15.mid,2,0.214444630859916
NC15.mid,3,0.0009769926828202306
NC15.mid,4,0.10909168410818156
NC15.mid,5,0.10206241835320395
NC15.mid,6,0.004784204759381759
NC15.mid,7,0.2429859971035353
NC15.mid,8,0.0008627115970527315
NC15.mid,9,0.08206842962715337
NC15.mid,10,0.002268171082456185
NC15.mid,11,0.03868595524226717
AC44.mid,0,0.24676251786434678
AC44.mid,1,0.0009220185221459338
AC44.mid,2,0.10847145705801133
AC44.mid,3,0.002644044065630188
AC44.mid,4,0.22412659302052806
AC44.mid,5,0.07724553031991983
AC44.mid,6,0.00427498191878297
AC44.mid,7,0.1710014444765338
AC44.mid,8,0.0007352458883641106
AC44.mid,9,0.1439499696835176
AC44.mid,10,0.0023722459181133256
AC44.mid,11,0.017493951264106196
AC45.mid,0,0.18972314453698833
AC45.mid,1,0.000527876102623456
AC45.mid,2,0.16608083184956873
AC45.mid,3,0.002256571567265368
AC45.mid,4,0.20925060080746666
AC45.mid,5,0.0962201244587933
AC45.mid,6,0.005490515833344088
AC45.mid,7,0.14124804161299506
AC45.mid,8,0.0009429464995840025
AC45.mid,9,0.16936314040321604
AC45.mid,10,0.0029887537840306492
AC45.mid,11,0.015907452544124335
NC14.mid,0,0.10548060441759678
NC14.mid,1,0.0006486478488624076
NC14.mid,2,0.22463149727987644
NC14.mid,3,0.0015148173929408863
NC14.mid,4,0.14837966638094294
NC14.mid,5,0.06913535384582986
NC14.mid,6,0.0032032412514098173
NC14.mid,7,0.2537773373930681
NC14.mid,8,0.0007891254185825567
NC14.mid,9,0.1255898379939309
NC14.mid,10,0.0035119422425410572
NC14.mid,11,0.06333792853441815
NC28.mid,0,0.1486322022075346
NC28.mid,1,0.0008171936543871221
NC28.mid,2,0.15896433277255503
NC28.mid,3,0.0019252526326169943
NC28.mid,4,0.1868272136822504
NC28.mid,5,0.072276917739393
NC28.mid,6,0.004083135253978273
NC28.mid,7,0.28455768018000804
NC28.mid,8,0.0009419232001919254
NC28.mid,9,0.07056288729312259
NC28.mid,10,0.003782319223173811
NC28.mid,11,0.06662894216078828
NC04.mid,0,0.20297260340556966
NC04.mid,1,0.0006786319263298291
NC04.mid,2,0.15727720151676586
NC04.mid,3,0.0014456605211439616
NC04.mid,4,0.15078924582672443
NC04.mid,5,0.05490787188310769
NC04.mid,6,0.004402887912184794
NC04.mid,7,0.2971989284636721
NC04.mid,8,0.0012244857046754144
NC04.mid,9,0.0883195070422152
NC04.mid,10,0.0029409906614995597
NC04.mid,11,0.03784198513611148
NC10.mid,0,0.1395386311412738
NC10.mid,1,0.0006951382704383253
NC10.mid,2,0.17497759816580383
NC10.mid,3,0.003165054306520742
NC10.mid,4,0.243921117346274
NC10.mid,5,0.044416597535956635
NC10.mid,6,0.0036488024825661945
NC10.mid,7,0.25686631056888753
NC10.mid,8,0.0009582389090280517
NC10.mid,9,0.07141764484128935
NC10.mid,10,0.003782338377106783
NC10.mid,11,0.0566125280548546
NC38.mid,0,0.17662044192395673
NC38.mid,1,0.0007479822898762576
NC38.mid,2,0.22347130110408037
NC38.mid,3,0.0011921104916503952
NC38.mid,4,0.11011214275427053
NC38.mid,5,0.0896224341401652
NC38.mid,6,0.003988168343981278
NC38.mid,7,0.26076136454378407
NC38.mid,8,0.000755451599335929
NC38.mid,9,0.08283610902699584
NC38.mid,10,0.002376589887678613
NC38.mid,11,0.04751590389422481
AC41.mid,0,0.2602917103640281
AC41.mid,1,0.0010975834215692724
AC41.mid,2,0.11396996943124599
AC41.mid,3,0.0026456046081762626
AC41.mid,4,0.22278101147808035
AC41.mid,5,0.06258114562450225
AC41.mid,6,0.0035831016466459273
AC41.mid,7,0.1851878913384234
AC41.mid,8,0.0005381829263514276
AC41.mid,9,0.10788222970535398
AC41.mid,10,0.0023077419992806733
AC41.mid,11,0.03713382745634244
AC40.mid,0,0.22746125455205551
AC40.mid,1,0.0007471714996333849
AC40.mid,2,0.1344095290537107
AC40.mid,3,0.002197772358984432
AC40.mid,4,0.219551334393595
AC40.mid,5,0.09025125639238382
AC40.mid,6,0.0051777291710703825
AC40.mid,7,0.1512820153015895
AC40.mid,8,0.0009511534091868467
AC40.mid,9,0.14785609326208268
AC40.mid,10,0.0030772049761149823
AC40.mid,11,0.01703748562959278
NC39.mid,0,0.18114790137215703
NC39.mid,1,0.0007146781448045062
NC39.mid,2,0.22294058027864522
NC39.mid,3,0.0016468045426622628
NC39.mid,4,0.10035509498780873
NC39.mid,5,0.11157609651818395
NC39.mid,6,0.004727903949160174
NC39.mid,7,0.18788493840138146
NC39.mid,8,0.0006429032546108601
NC39.mid,9,0.13849487168463467
NC39.mid,10,0.0024149656234395598
NC39.mid,11,0.04745326124251136
NC11.mid,0,0.1477616416486947
NC11.mid,1,0.0008747354845338242
NC11.mid,2,0.15803325541301452
NC11.mid,3,0.0019097173411748564
NC11.mid,4,0.18573293935182894
NC11.mid,5,0.07185358125534783
NC11.mid,6,0.00391653033026036
NC11.mid,7,0.287049462060929
NC11.mid,8,0.0009048004632526334
NC11.mid,9,0.07014959013622867
NC11.mid,10,0.0037395962967398653
NC11.mid,11,0.0680741502179945
NC05.mid,0,0.09682689404008603
NC05.mid,1,0.0005776400266363217
NC05.mid,2,0.22964673725728163
NC05.mid,3,0.0019400774101811535
NC05.mid,4,0.17984315102504006
NC05.mid,5,0.09217332511815751
NC05.mid,6,0.004209686595734658
NC05.mid,7,0.16275264272111667
NC05.mid,8,0.0007336988560824528
NC05.mid,9,0.1648288549599542
NC05.mid,10,0.0037928881850839034
NC05.mid,11,0.0626744038046454
NC13.mid,0,0.14292575427610538
NC13.mid,1,0.0006555694080428852
NC13.mid,2,0.20704872800384522
NC13.mid,3,0.0014891405991261997
NC13.mid,4,0.15304775538178575
NC13.mid,5,0.06794972491227712
NC13.mid,6,0.0038456741351028953
NC13.mid,7,0.28785324072922985
NC13.mid,8,0.000994442027247534
NC13.mid,9,0.06785376076300985
NC13.mid,10,0.003668316633562873
NC13.mid,11,0.06266789313066458
NC07.mid,0,0.09683609977367778
NC07.mid,1,0.0005747745538619781
NC07.mid,2,0.23085152689467442
NC07.mid,3,0.0018841270288342587
NC07.mid,4,0.17986024945779525
NC07.mid,5,0.0967786677956866
NC07.mid,6,0.004388416765353281
NC07.mid,7,0.16276811628850824
NC07.mid,8,0.0007324107971224335
NC07.mid,9,0.16198219973113762
NC07.mid,10,0.003603934442529231
NC07.mid,11,0.05973947647081876
AC42.mid,0,0.264381837750225
AC42.mid,1,0.0009928177484376333
AC42.mid,2,0.1036903371123327
AC42.mid,3,0.0023545596298047296
AC42.mid,4,0.20916448279737299
AC42.mid,5,0.08632001625840748
AC42.mid,6,0.004457108382536863
AC42.mid,7,0.16346417670949934
AC42.mid,8,0.000692511937065719
AC42.mid,9,0.14549406253905303
AC42.mid,10,0.0022652225563471874
AC42.mid,11,0.01672286657891739
AC43.mid,0,0.18309814477707884
AC43.mid,1,0.00047598429946620204
AC43.mid,2,0.16154399887743062
AC43.mid,3,0.002237646648518471
AC43.mid,4,0.21499242909901695
AC43.mid,5,0.09313166885461867
AC43.mid,6,0.005262835594682551
AC43.mid,7,0.1646151394513664
AC43.mid,8,0.0009613000357438855
AC43.mid,9,0.13846435051268835
AC43.mid,10,0.0031987809584890395
AC43.mid,11,0.032017720890899874
NC06.mid,0,0.18052095071695096
NC06.mid,1,0.0007269216742335
NC06.mid,2,0.1403900769512427
NC06.mid,3,0.0010758679592091295
NC06.mid,4,0.15665015003363247
NC06.mid,5,0.06870882454393899
NC06.mid,6,0.004441984701396089
NC06.mid,7,0.31924370768981036
NC06.mid,8,0.0012251088949521074
NC06.mid,9,0.0790196028076099
NC06.mid,10,0.0034963577219950014
NC06.mid,11,0.044500446305028744
NC12.mid,0,0.14541611912082072
NC12.mid,1,0.0006584432846094922
NC12.mid,2,0.2105402079771145
NC12.mid,3,0.0016735035207367966
NC12.mid,4,0.15571448785065273
NC12.mid,5,0.06913369351882169
NC12.mid,6,0.004038963882308872
NC12.mid,7,0.278886811590347
NC12.mid,8,0.000979567132317464
NC12.mid,9,0.0690360572724233
NC12.mid,10,0.003561335966686132
NC12.mid,11,0.060360808883161164
AC18.mid,0,0.2017505903896267
AC18.mid,1,0.0004741047846692053
AC18.mid,2,0.13083014750096758
AC18.mid,3,0.0021478130639565073
AC18.mid,4,0.22080393210587998
AC18.mid,5,0.11098025968891018
AC18.mid,6,0.005797015726885559
AC18.mid,7,0.1379260467193274
AC18.mid,8,0.0008176440078996395
AC18.mid,9,0.15857960989856987
AC18.mid,10,0.0030661561240752913
AC18.mid,11,0.02682667998923221
AC30.mid,0,0.21908090809186936
AC30.mid,1,0.0005759101654571836
AC30.mid,2,0.16065052500923166
AC30.mid,3,0.0019171027594424438
AC30.mid,4,0.20056691717855782
AC30.mid,5,0.09865957456927038
AC30.mid,6,0.005717451843700145
AC30.mid,7,0.15268687921218232
AC30.mid,8,0.0010759436116083128
AC30.mid,9,0.13892038580391933
AC30.mid,10,0.002952699375870279
AC30.mid,11,0.01719570237889072
AC24.mid,0,0.21608248416138173
AC24.mid,1,0.0011313876341311486
AC24.mid,2,0.11392556830619978
AC24.mid,3,0.0025565701272433246
AC24.mid,4,0.2149846985609426
AC24.mid,5,0.06929640165891866
AC24.mid,6,0.0033507064826570564
AC24.mid,7,0.2020854774839003
AC24.mid,8,0.0005264686047752917
AC24.mid,9,0.13625560029325512
AC24.mid,10,0.0026852760562467767
AC24.mid,11,0.03711936063034817
AC25.mid,0,0.20890387180640435
AC25.mid,1,0.0006590284380335859
AC25.mid,2,0.1684525569553405
AC25.mid,3,0.001646603541374522
AC25.mid,4,0.18857912722464876
AC25.mid,5,0.09822250319435555
AC25.mid,6,0.005635257814706811
AC25.mid,7,0.15991269164875646
AC25.mid,8,0.001177459898620434
AC25.mid,9,0.14549470742615042
AC25.mid,10,0.003306713657738014
AC25.mid,11,0.018009478393870678
AC31.mid,0,0.21823604166306634
AC31.mid,1,0.0005989318889481113
AC31.mid,2,0.122677254916944
AC31.mid,3,0.0023504180384688413
AC31.mid,4,0.22736941389358586
AC31.mid,5,0.10478890827678433
AC31.mid,6,0.0054607691712269205
AC31.mid,7,0.1320238936574738
AC31.mid,8,0.0007158666150279996
AC31.mid,9,0.14642940995719772
AC31.mid,10,0.002914597731447885
AC31.mid,11,0.036434494189827846
AC19.mid,0,0.1927631542780943
AC19.mid,1,0.0005946368319564591
AC19.mid,2,0.16866272237864038
AC19.mid,3,0.0019533061152930855
AC19.mid,4,0.19078927071302493
AC19.mid,5,0.08235075757144468
AC19.mid,6,0.004902133604514327
AC19.mid,7,0.1645087594783568
AC19.mid,8,0.001044345247276819
AC19.mid,9,0.17096568741420978
AC19.mid,10,0.0029381356223496797
AC19.mid,11,0.01852709074483879
AC27.mid,0,0.21090131406186008
AC27.mid,1,0.0006447443624769335
AC27.mid,2,0.1743701321315794
AC27.mid,3,0.002309803223266709
AC27.mid,4,0.1887194302423888
AC27.mid,5,0.07992336356404012
AC27.mid,6,0.004891653152353774
AC27.mid,7,0.15731877402896594
AC27.mid,8,0.0009153065848551216
AC27.mid,9,0.1597233820223692
AC27.mid,10,0.002564747035806379
AC27.mid,11,0.01771734959003748
AC33.mid,0,0.2304130306048737
AC33.mid,1,0.0010298575050649177
AC33.mid,2,0.1215877674990982
AC33.mid,3,0.0020406976494483846
AC33.mid,4,0.18884431811222532
AC33.mid,5,0.058904896634669995
AC33.mid,6,0.0034518175674415675
AC33.mid,7,0.2117030672839109
AC33.mid,8,0.0008567241266868637
AC33.mid,9,0.15874079525811993
AC33.mid,10,0.0028177172851703253
AC33.mid,11,0.019609310473290103
AC32.mid,0,0.2635013658544718
AC32.mid,1,0.0010981466183704162
AC32.mid,2,0.11162985494971821
AC32.mid,3,0.0024587833477773013
AC32.mid,4,0.20147995393742427
AC32.mid,5,0.07134619609688714
AC32.mid,6,0.003513933755576184
AC32.mid,7,0.18741322169934035
AC32.mid,8,0.00047446885964837166
AC32.mid,9,0.11864669107622301
AC32.mid,10,0.0020660151592458123
AC32.mid,11,0.036371368645317106
AC26.mid,0,0.23264344471102608
AC26.mid,1,0.0010686084600760298
AC26.mid,2,0.11747716782603515
AC26.mid,3,0.0023193089003481233
AC26.mid,4,0.21186922647963816
AC26.mid,5,0.06591876342473522
AC26.mid,6,0.003609888933386593
AC26.mid,7,0.2192749625624565
AC26.mid,8,0.0006574715942943057
AC26.mid,9,0.10416188607231648
AC26.mid,10,0.002722724135818005
AC26.mid,11,0.03827654689986943
AC22.mid,0,0.22388856513493738
AC22.mid,1,0.0006299662158465946
AC22.mid,2,0.12889172367457147
AC22.mid,3,0.002244966997150045
AC22.mid,4,0.20236153766051387
AC22.mid,5,0.10184649852581366
AC22.mid,6,0.0054442565406592055
AC22.mid,7,0.15089549127478732
AC22.mid,8,0.0007746457365817802
AC22.mid,9,0.15095229766742652
AC22.mid,10,0.0027208076075878537
AC22.mid,11,0.02934924296412431
AC36.mid,0,0.23730150639349543
AC36.mid,1,0.0008350155582314866
AC36.mid,2,0.1020334206060139
AC36.mid,3,0.0024950041818945392
AC36.mid,4,0.225290167049741
AC36.mid,5,0.08657702868434657
AC36.mid,6,0.0045275844755150495
AC36.mid,7,0.1691812496328416
AC36.mid,8,0.0006604701577591412
AC36.mid,9,0.12552743345874648
AC36.mid,10,0.0027059335579266604
AC36.mid,11,0.04286518624348806
AC37.mid,0,0.2313630314756613
AC37.mid,1,0.0007391407936732493
AC37.mid,2,0.136556782754528
AC37.mid,3,0.0023004480460558896
AC37.mid,4,0.21085936602903282
AC37.mid,5,0.08722997384679955
AC37.mid,6,0.005055803569437618
AC37.mid,7,0.1536988146870976
AC37.mid,8,0.0008856564359906083
AC37.mid,9,0.15137383834597085
AC37.mid,10,0.002627476760881051
AC37.mid,11,0.01730966725487134
AC23.mid,0,0.1476047022650495
AC23.mid,1,0.0008936220445959161
AC23.mid,2,0.17186461168729292
AC23.mid,3,0.002183426596740799
AC23.mid,4,0.1875401502568159
AC23.mid,5,0.0672907550365824
AC23.mid,6,0.0035322845749996795
AC23.mid,7,0.22854117567544027
AC23.mid,8,0.0008094592390796412
AC23.mid,9,0.1679681752826481
AC23.mid,10,0.0030789222158954434
AC23.mid,11,0.018692715124859694
AC35.mid,0,0.232593367229886
AC35.mid,1,0.000786587882384171
AC35.mid,2,0.13407490346215734
AC35.mid,3,0.0021919238076418455
AC35.mid,4,0.19788192475012634
AC35.mid,5,0.0971856655041255
AC35.mid,6,0.00501723780707639
AC35.mid,7,0.15090538401496809
AC35.mid,8,0.0008325773468299806
AC35.mid,9,0.15902991862672983
AC35.mid,10,0.0025054404155539435
AC35.mid,11,0.016995069152520637
AC21.mid,0,0.24443175601570205
AC21.mid,1,0.000902551900811829
AC21.mid,2,0.11217894846274629
AC21.mid,3,0.002525238785302719
AC21.mid,4,0.22606359680049584
AC21.mid,5,0.07914663989579289
AC21.mid,6,0.00432961060905266
AC21.mid,7,0.16598018861378808
AC21.mid,8,0.0006843309062773071
AC21.mid,9,0.12458033113249893
AC21.mid,10,0.0026265319477613855
AC21.mid,11,0.03655027492977024
AC09.mid,0,0.23538815504155122
AC09.mid,1,0.0009417292379530673
AC09.mid,2,0.11121568234645765
AC09.mid,3,0.0024641632735839156
AC09.mid,4,0.22336993650183973
AC09.mid,5,0.07958688329591196
AC09.mid,6,0.00423590505856648
AC09.mid,7,0.16455493820934206
AC09.mid,8,0.0006708544207143626
AC09.mid,9,0.13843815581243407
AC09.mid,10,0.0028971743536764113
AC09.mid,11,0.03623642244796904
AC08.mid,0,0.24350079335490799
AC08.mid,1,0.0010038331289713633
AC08.mid,2,0.11682804684780144
AC08.mid,3,0.002183114081958088
AC08.mid,4,0.17013926976220767
AC08.mid,5,0.07492608005840112
AC08.mid,6,0.003921672119367898
AC08.mid,7,0.2213280975466718
AC08.mid,8,0.0007311742794136602
AC08.mid,9,0.14455832297460716
AC08.mid,10,0.0020379188435741924
AC08.mid,11,0.01884167700211792
AC20.mid,0,0.2465550610633509
AC20.mid,1,0.0008375967204879493
AC20.mid,2,0.1067330873960898
AC20.mid,3,0.002508480836152054
AC20.mid,4,0.22004866684591518
AC20.mid,5,0.0760075891133647
AC20.mid,6,0.004816269125474784
AC20.mid,7,0.16826096572493202
AC20.mid,8,0.000796929461757074
AC20.mid,9,0.15368383738976818
AC20.mid,10,0.0025379241039156972
AC20.mid,11,0.017213592218791703
AC34.mid,0,0.20966425242537093
AC34.mid,1,0.0007255172526247368
AC34.mid,2,0.12761980974587073
AC34.mid,3,0.002218518997314847
AC34.mid,4,0.21604044909006112
AC34.mid,5,0.10058068223591064
AC34.mid,6,0.005281539935958226
AC34.mid,7,0.14363997959583472
AC34.mid,8,0.0008773561376629501
AC34.mid,9,0.17408154678575793
AC34.mid,10,0.0030935135366652084
AC34.mid,11,0.01617683426096797
